case_id,condition,accuracy,mechanistic_depth,literature_grounding,condition_specificity,readability,llm_overall,overall,rationale
0,C0,5,1,1,3,4,3,2.6,"The explanation accurately presents the qe values and uncertainty but lacks any mechanistic insight or literature references. It discusses the conditions somewhat, but not comprehensively. Readability is good, but the lack of depth in mechanisms and citations limits the overall score."
0,C1,5,1,3,4,4,4,3.15,"The explanation accurately presents qe values and their consistency. However, it lacks specific mechanistic details, provides a vague reference to literature, and discusses conditions well but not comprehensively. Readability is good, making it interpretable."
0,C2,5,5,5,5,5,5,5.0,"The explanation accurately presents the qe values and their implications, discusses specific mechanisms like electrostatic interactions, cites multiple relevant papers, addresses all key experimental conditions, and is clearly articulated, making it highly effective."
0,C3,5,5,5,5,5,5,5.0,"The explanation accurately presents the qe value and its implications, details specific mechanisms of adsorption, cites multiple relevant studies, addresses all key experimental conditions, and is clearly articulated, making it highly effective and informative."
1,C0,5,1,1,3,4,3,2.6,"The explanation accurately presents the qe values and their uncertainty. However, it lacks any mechanistic detail or literature references. It discusses the conditions somewhat but does not fully address all key factors, leading to a moderate overall score."
1,C1,5,1,3,4,4,4,3.15,"The explanation accurately presents qe values and their consistency. However, it lacks specific mechanistic details, only mentioning unresolved mechanisms. It references literature but does not provide specific citations. It discusses conditions well, particularly pH and polymer type, and is mostly clear."
1,C2,5,5,5,5,5,5,5.0,"The explanation accurately presents the qe values and their implications, discusses specific mechanisms like electrostatic interactions, cites relevant literature, addresses all experimental conditions, and is clearly articulated, making it highly effective and informative."
1,C3,5,5,5,5,5,5,5.0,"The explanation accurately presents the qe value and its context, discusses specific mechanisms of adsorption, cites multiple relevant studies, addresses all key experimental conditions, and is clearly articulated, making it highly effective and informative."
2,C0,5,1,1,3,4,3,2.6,"The explanation accurately presents the qe values and their uncertainty. However, it lacks any mechanistic insight, citations, and only partially addresses specific conditions, making it less comprehensive despite being clear and organized."
2,C1,5,1,3,3,4,3,3.0,"The explanation accurately presents qe values and their consistency. However, it lacks specific mechanistic details, provides vague literature references, and only partially addresses conditions. Readability is good, but the overall depth and specificity could be improved."
2,C2,5,4,5,5,5,5,4.7,"The explanation accurately presents the qe values and their implications, discusses specific mechanisms related to pH and adsorption, cites relevant literature, and addresses all key experimental conditions clearly and coherently."
2,C3,5,4,5,5,5,5,4.7,"The explanation accurately presents the qe value and its implications, discusses specific mechanisms related to adsorption, cites multiple relevant studies, addresses all key experimental conditions, and is clearly articulated, making it highly effective."
3,C0,5,1,1,3,4,3,2.6,"The explanation accurately presents the qe values and uncertainty but lacks any mechanistic detail or literature references. It discusses one condition (river-adjusted qe) but does not address all key conditions, leading to a moderate overall score."
3,C1,5,1,3,3,4,3,3.0,"The explanation accurately presents qe values and prediction intervals, but lacks specific mechanistic details. It references literature but does not provide specific citations. It discusses some conditions but not all key factors, and is mostly clear and structured."
3,C2,5,3,4,5,5,4,4.2,"The explanation accurately presents the qe value and its implications, with good specificity regarding conditions. It lacks detailed mechanistic insights but cites relevant literature. Overall, it is well-structured and clear, making it accessible to a domain scientist."
3,C3,5,5,5,5,5,5,5.0,"The explanation accurately presents the qe value and its context, discusses specific mechanisms like electrostatic interactions, cites multiple relevant studies, and addresses all experimental conditions clearly, making it highly informative and well-structured."
4,C0,5,1,1,3,4,3,2.6,"The explanation accurately presents the qe values and confidence intervals, but lacks any mechanistic insight or literature references. It discusses one condition (qe) specifically, but does not address others like pH or polymer type, affecting overall depth."
4,C1,5,1,3,4,4,3,3.15,"The explanation accurately presents qe values and prediction intervals, but lacks specific mechanistic details. It references literature but does not provide specific citations. It discusses conditions well, but could improve clarity and structure."
4,C2,5,3,4,5,5,4,4.2,"The explanation accurately presents qe values and their implications. It mentions the mechanism of increased surface anionic sites but lacks specific mechanisms. It cites relevant literature but could include more references. All key conditions are addressed, and the text is clear and well-structured."
4,C3,5,5,5,5,5,5,5.0,"The explanation accurately presents the qe values and their implications, discusses specific mechanisms like electrostatic interactions, cites multiple relevant studies, addresses all key conditions, and is clearly articulated, making it highly effective."
5,C0,5,1,1,3,4,3,2.6,"The explanation accurately presents the qe values and uncertainty but lacks any mechanistic insight or literature references. It discusses one condition (river-adjusted qe) but does not address all key conditions, leading to a moderate overall score."
5,C1,4,1,3,3,4,3,2.75,"The explanation provides accurate qe values and mentions the prediction interval, but lacks specific mechanistic details. It references literature but does not cite specific papers. Some conditions are discussed, but not all key factors are addressed."
5,C2,5,3,5,5,5,5,4.4,"The explanation accurately presents the qe values and their implications, discusses the mechanisms of adsorption related to aging, cites relevant literature, and addresses specific experimental conditions clearly, making it well-rounded and informative."
5,C3,5,5,5,5,5,5,5.0,"The explanation accurately presents the qe value and its implications, discusses specific mechanisms like complexation, and cites relevant literature. It addresses all experimental conditions with tailored reasoning and is clearly articulated, making it highly effective."
6,C0,5,1,1,3,4,3,2.6,"The explanation accurately presents the qe values and uncertainty but lacks any mechanistic detail or literature references. It discusses the conditions somewhat, but not comprehensively. The readability is good, making it understandable."
6,C1,4,1,3,4,4,3,2.9,"The explanation provides accurate qe values and mentions the prediction interval, but lacks specific mechanistic details. It references literature but does not cite specific papers. It discusses conditions well, but could improve on clarity and structure."
6,C2,5,3,5,5,5,5,4.4,"The explanation accurately presents the qe value and its implications, cites relevant literature, and discusses specific conditions affecting adsorption. While it lacks detailed mechanistic insight, it is well-structured and clear, making it comprehensible for a domain scientist."
6,C3,5,5,5,5,5,5,5.0,"The explanation accurately presents the qe values and their implications, discusses specific mechanisms involved in adsorption, cites multiple relevant studies, addresses all key experimental conditions, and is clearly articulated, making it highly effective."
7,C0,5,1,1,3,4,3,2.6,"The explanation accurately presents the qe values and uncertainty but lacks any mechanistic detail or literature references. It discusses one condition (qe) specifically, but does not address others like pH or polymer type, affecting overall depth."
7,C1,5,1,3,4,4,4,3.15,"The explanation accurately presents qe values and prediction intervals, but lacks specific mechanistic details. It references literature but does not provide specific citations. It discusses conditions well, particularly pH and polymer type, and is mostly clear and structured."
7,C2,5,3,3,4,5,4,3.85,"The explanation accurately presents the qe values and their implications. It mentions aging effects on adsorption but lacks specific mechanistic details. Literature references are vague, and while it discusses conditions well, it could improve on specific citations."
7,C3,5,5,5,5,5,5,5.0,"The explanation accurately presents the qe values and their implications, discusses specific mechanisms like electrostatic interactions, cites multiple relevant studies, addresses all key experimental conditions, and is clearly articulated, making it highly effective."
8,C0,5,1,1,3,4,3,2.6,"The explanation accurately presents the qe values and uncertainty but lacks any mechanistic detail or literature references. It discusses one condition (river-adjusted qe) but does not address all key conditions, leading to a moderate overall score."
8,C1,5,1,3,4,4,4,3.15,"The explanation accurately presents qe values and prediction intervals, but lacks specific mechanistic details. It references literature but does not cite specific papers. It discusses conditions well, particularly polymer type, and is mostly clear and organized."
8,C2,5,3,5,5,5,5,4.4,"The explanation accurately presents the qe values and their implications, cites relevant literature, and discusses specific conditions affecting adsorption. While it mentions mechanisms, it lacks specificity in detailing the exact mechanisms involved. Overall, it is well-structured and clear."
8,C3,5,5,5,5,5,5,5.0,"The explanation accurately presents the qe value and its context, discusses specific mechanisms like electrostatic interactions, cites multiple relevant studies, addresses all key conditions, and is clearly articulated, making it highly effective."
9,C0,5,1,1,3,4,3,2.6,"The explanation accurately presents the qe values and uncertainty but lacks any mechanistic detail or literature references. It discusses the conditions somewhat, but not comprehensively. Readability is good, but the overall depth is limited."
9,C1,5,1,3,4,4,4,3.15,"The explanation accurately presents qe values and prediction intervals, but lacks specific mechanistic details. It references literature but does not provide specific citations. It discusses conditions well, particularly pH and polymer type, and is mostly clear and structured."
9,C2,5,3,5,5,5,5,4.4,"The explanation accurately presents the lab qe and river-adjusted qe values, cites relevant literature, and discusses specific conditions affecting adsorption. While it mentions mechanisms generically, it lacks specific named mechanisms. Overall, it is clear and well-structured."
9,C3,5,5,5,5,5,5,5.0,"The explanation accurately presents the qe value and its significance, discusses specific mechanisms of adsorption, cites multiple relevant studies, addresses all key experimental conditions, and is clearly articulated, making it highly effective and informative."
