AgS,ReT,Temp,pH,rpm,AdC,Ce,qe
Virgin,PA,25.0,6.0,200.0,Single-ion,0.07321,0.00379953
Virgin,PA,25.0,6.0,200.0,Single-ion,0.13948,0.02062459
Virgin,PA,25.0,6.0,200.0,Single-ion,0.2178,0.03615541000000001
Virgin,PA,25.0,6.0,200.0,Single-ion,0.7138,0.07415046
Virgin,PA,25.0,6.0,200.0,Single-ion,2.14157,0.12897056
Virgin,PA,25.0,6.0,200.0,Single-ion,6.05339,0.21365052
Aged,PA,25.0,6.0,200.0,Single-ion,0.06719,0.00426176
Aged,PA,25.0,6.0,200.0,Single-ion,0.11739,0.02136415
Aged,PA,25.0,6.0,200.0,Single-ion,0.25796,0.03948345
Aged,PA,25.0,6.0,200.0,Single-ion,0.60536,0.07470513
Aged,PA,25.0,6.0,200.0,Single-ion,2.40464,0.13599641
Aged,PA,25.0,6.0,200.0,Single-ion,6.05339,0.21365052
Virgin,PMMA,25.0,6.0,200.0,Single-ion,0.04665999999999999,0.00131782
Virgin,PMMA,25.0,6.0,200.0,Single-ion,0.09238,0.00312163
Virgin,PMMA,25.0,6.0,200.0,Single-ion,0.4892,0.01093249
Virgin,PMMA,25.0,6.0,200.0,Single-ion,1.00522,0.01712673
Virgin,PMMA,25.0,6.0,200.0,Single-ion,2.01603,0.02626493
Virgin,PMMA,25.0,6.0,200.0,Single-ion,5.0501,0.03227197
Aged,PMMA,25.0,6.0,200.0,Single-ion,0.06952,0.00145395
Aged,PMMA,25.0,6.0,200.0,Single-ion,0.05483,0.00283234
Aged,PMMA,25.0,6.0,200.0,Single-ion,0.37489,0.007069600000000001
Aged,PMMA,25.0,6.0,200.0,Single-ion,0.7913,0.01093249
Aged,PMMA,25.0,6.0,200.0,Single-ion,1.6829,0.02046208
Aged,PMMA,25.0,6.0,200.0,Single-ion,4.32343,0.03788762
Virgin,PS,25.0,4.0,150.0,Single-ion,0.04884,0.01016227
Virgin,PS,25.0,4.0,150.0,Single-ion,0.05831,0.00953919
Virgin,PS,25.0,4.0,150.0,Single-ion,0.27839,0.02811839
Virgin,PS,25.0,4.0,150.0,Single-ion,0.28966,0.02704216
Virgin,PS,25.0,4.0,150.0,Single-ion,0.47276,0.04086328
Virgin,PS,25.0,4.0,150.0,Single-ion,0.49531,0.04024019
Virgin,PS,25.0,4.0,150.0,Single-ion,0.70457,0.05145569
Virgin,PS,25.0,4.0,150.0,Single-ion,0.72171,0.05241864
Virgin,PS,25.0,4.0,150.0,Single-ion,1.00312,0.07241394
Virgin,PS,25.0,4.0,150.0,Single-ion,1.0365,0.07332024
Aged,PS,25.0,4.0,150.0,Single-ion,0.05019,0.01350426
Aged,PS,25.0,4.0,150.0,Single-ion,0.05741,0.01231474
Aged,PS,25.0,4.0,150.0,Single-ion,0.27659,0.03395272
Aged,PS,25.0,4.0,150.0,Single-ion,0.28876,0.0327632
Aged,PS,25.0,4.0,150.0,Single-ion,0.47186,0.04749061
Aged,PS,25.0,4.0,150.0,Single-ion,0.49531,0.0495298
Aged,PS,25.0,4.0,150.0,Single-ion,0.70457,0.05774316
Aged,PS,25.0,4.0,150.0,Single-ion,0.72351,0.05966906
Aged,PS,25.0,4.0,150.0,Single-ion,1.00222,0.08000423000000001
Aged,PS,25.0,4.0,150.0,Single-ion,1.0356,0.08130704
Aged,PS,25.0,4.0,150.0,Single-ion,0.05109,0.01526022
Aged,PS,25.0,4.0,150.0,Single-ion,0.05741,0.01577002
Aged,PS,25.0,4.0,150.0,Single-ion,0.27568,0.03990033
Aged,PS,25.0,4.0,150.0,Single-ion,0.29057,0.03944718000000001
Aged,PS,25.0,4.0,150.0,Single-ion,0.47096,0.05836625
Aged,PS,25.0,4.0,150.0,Single-ion,0.49622,0.06012221
Aged,PS,25.0,4.0,150.0,Single-ion,0.70457,0.07213072
Aged,PS,25.0,4.0,150.0,Single-ion,0.71991,0.07332024
Aged,PS,25.0,4.0,150.0,Single-ion,1.00042,0.08884068
Aged,PS,25.0,4.0,150.0,Single-ion,1.0383,0.09201274
Aged,PS,25.0,4.0,150.0,Single-ion,0.05199,0.01882879
Aged,PS,25.0,4.0,150.0,Single-ion,0.0556,0.01837564
Aged,PS,25.0,4.0,150.0,Single-ion,0.27749,0.04703746
Aged,PS,25.0,4.0,150.0,Single-ion,0.28966,0.04596123
Aged,PS,25.0,4.0,150.0,Single-ion,0.47276,0.06714606000000001
Aged,PS,25.0,4.0,150.0,Single-ion,0.49712,0.06941181
Aged,PS,25.0,4.0,150.0,Single-ion,0.70502,0.07915457000000001
Aged,PS,25.0,4.0,150.0,Single-ion,0.72396,0.08119375
Aged,PS,25.0,4.0,150.0,Single-ion,1.00222,0.10390796
Aged,PS,25.0,4.0,150.0,Single-ion,1.03469,0.102152
Aged,PS,25.0,4.0,150.0,Single-ion,0.05343,0.01538778
Aged,PS,25.0,4.0,150.0,Single-ion,0.05478,0.01555445
Aged,PS,25.0,4.0,150.0,Single-ion,0.27583,0.04055554
Aged,PS,25.0,4.0,150.0,Single-ion,0.28729,0.04055554
Aged,PS,25.0,4.0,150.0,Single-ion,0.47262,0.05747294
Aged,PS,25.0,4.0,150.0,Single-ion,0.49486,0.05872299
Aged,PS,25.0,4.0,150.0,Single-ion,0.70513,0.07305695
Aged,PS,25.0,4.0,150.0,Single-ion,0.724,0.07289028
Aged,PS,25.0,4.0,150.0,Single-ion,1.00233,0.09230779
Aged,PS,25.0,4.0,150.0,Single-ion,1.03198,0.09330783
Aged,PS,25.0,4.0,150.0,Single-ion,0.05343,0.01622114
Aged,PS,25.0,4.0,150.0,Single-ion,0.05343,0.01663783
Aged,PS,25.0,4.0,150.0,Single-ion,0.27515,0.043639
Aged,PS,25.0,4.0,150.0,Single-ion,0.28594,0.04280564
Aged,PS,25.0,4.0,150.0,Single-ion,0.47127,0.06072308000000001
Aged,PS,25.0,4.0,150.0,Single-ion,0.49755,0.06130644
Aged,PS,25.0,4.0,150.0,Single-ion,0.70243,0.07647377
Aged,PS,25.0,4.0,150.0,Single-ion,0.72197,0.07589041
Aged,PS,25.0,4.0,150.0,Single-ion,1.00368,0.09580794000000001
Aged,PS,25.0,4.0,150.0,Single-ion,1.03603,0.09539126
Aged,PS,25.0,4.0,150.0,Single-ion,0.04669,0.01922128
Aged,PS,25.0,4.0,150.0,Single-ion,0.05141,0.01922128
Aged,PS,25.0,4.0,150.0,Single-ion,0.27583,0.04713916
Aged,PS,25.0,4.0,150.0,Single-ion,0.28863,0.04630579
Aged,PS,25.0,4.0,150.0,Single-ion,0.47262,0.06730670000000001
Aged,PS,25.0,4.0,150.0,Single-ion,0.49486,0.06972347000000001
Aged,PS,25.0,4.0,150.0,Single-ion,0.70243,0.07939056
Aged,PS,25.0,4.0,150.0,Single-ion,0.724,0.08122396999999999
Aged,PS,25.0,4.0,150.0,Single-ion,1.00368,0.10439165
Aged,PS,25.0,4.0,150.0,Single-ion,1.03603,0.10222489
Aged,PET,15.0,7.0,150.0,Single-ion,1.06449693,0.03977775
Aged,PET,15.0,7.0,150.0,Single-ion,3.20942538,0.11174407
Aged,PET,15.0,7.0,150.0,Single-ion,4.30600798,0.13201794
Aged,PET,15.0,7.0,150.0,Single-ion,5.39615902,0.15122476
Aged,PET,15.0,7.0,150.0,Single-ion,7.59897159,0.16059105
Aged,PET,15.0,7.0,150.0,Single-ion,9.8146473,0.17221
Aged,PET,25.0,7.0,150.0,Single-ion,1.05806536,0.05969594
Aged,PET,25.0,7.0,150.0,Single-ion,3.17083596,0.15786416
Aged,PET,25.0,7.0,150.0,Single-ion,4.260987,0.17849371
Aged,PET,25.0,7.0,150.0,Single-ion,5.36078539,0.19212819
Aged,PET,25.0,7.0,150.0,Single-ion,7.5539506,0.20671115
Aged,PET,25.0,7.0,150.0,Single-ion,9.77927367,0.21263918
Aged,PET,35.0,7.0,150.0,Single-ion,1.05806536,0.07996981
Aged,PET,35.0,7.0,150.0,Single-ion,3.1193834,0.21761872
Aged,PET,35.0,7.0,150.0,Single-ion,4.19023973,0.24287214
Aged,PET,35.0,7.0,150.0,Single-ion,5.277174990000001,0.25840359
Aged,PET,35.0,7.0,150.0,Single-ion,7.48320334,0.27239374
Aged,PET,35.0,7.0,150.0,Single-ion,9.714957969999999,0.27772897
Virgin,PE,25.0,7.0,,Single-ion,1.08301,0.0012802
Virgin,PE,25.0,7.0,,Single-ion,1.28831,0.01515058
Virgin,PE,25.0,7.0,,Single-ion,1.45899,0.01849433
Virgin,PE,25.0,7.0,,Single-ion,2.15009,0.02233345
Virgin,PE,25.0,7.0,,Single-ion,2.76599,0.02386084
Virgin,PE,25.0,7.0,,Single-ion,3.87365,0.0272046
Virgin,PE,25.0,7.0,,Single-ion,5.03621,0.0291448
Virgin,CPE,25.0,6.5,20.0,Single-ion,13.3474065,4.424673833999999
Virgin,CPE,25.0,6.5,20.0,Single-ion,19.633137,4.929928109
Virgin,CPE,25.0,6.5,20.0,Single-ion,25.628444,5.410734699
Virgin,CPE,25.0,6.5,20.0,Single-ion,34.49176249999999,5.7000339995
Virgin,CPE,25.0,6.5,20.0,Single-ion,43.210187,5.842645919
Virgin,PVC,25.0,6.5,20.0,Single-ion,14.274601,3.3082242565
Virgin,PVC,25.0,6.5,20.0,Single-ion,24.267203,3.670866612
Virgin,PVC,25.0,6.5,20.0,Single-ion,31.1897045,3.8420010425
Virgin,PVC,25.0,6.5,20.0,Single-ion,37.6196935,3.8745983795
Virgin,PVC,25.0,6.5,20.0,Single-ion,44.426534,3.8420010425
Virgin,HPE,25.0,6.5,20.0,Single-ion,22.8481315,2.8192680145
Virgin,HPE,25.0,6.5,20.0,Single-ion,28.119604,2.8477905255
Virgin,HPE,25.0,6.5,20.0,Single-ion,32.8407335,3.027074608
Virgin,HPE,25.0,6.5,20.0,Single-ion,37.851651,3.3897169635
Virgin,HPE,25.0,6.5,20.0,Single-ion,44.62925849999999,3.691239471
Virgin,LPE,25.0,6.5,20.0,Single-ion,24.122309,1.3686985925
Virgin,LPE,25.0,6.5,20.0,Single-ion,29.1332265,1.62132573
Virgin,LPE,25.0,6.5,20.0,Single-ion,33.623034,1.710968089
Virgin,LPE,25.0,6.5,20.0,Single-ion,38.7788455,1.812833655
Virgin,LPE,25.0,6.5,20.0,Single-ion,44.83198299999999,2.024714439
Virgin,PS,25.0,7.0,140.0,Mixed,7.196880000000001e-07,0.001268673884328618
Virgin,PS,25.0,7.0,140.0,Mixed,1.232e-05,0.002618966842119519
Virgin,PS,25.0,7.0,140.0,Mixed,1.232e-05,0.004566673896495313
Virgin,PS,25.0,7.0,140.0,Mixed,9.667000000000001e-05,0.004566673896495313
Virgin,PS,25.0,7.0,140.0,Mixed,0.00015572,0.003857447286724762
Virgin,PS,25.0,7.0,140.0,Mixed,0.00018524,0.004751710793207398
Virgin,PS,25.0,7.0,140.0,Mixed,0.00038241,0.1150826887407716
Virgin,PS,25.0,7.0,140.0,Mixed,0.00041193,0.1335641793248794
Virgin,PS,25.0,7.0,140.0,Mixed,0.0006460099999999999,0.4529705842520483
Virgin,PS,25.0,7.0,140.0,Mixed,0.0006597199999999999,0.4529705842520483
Virgin,PS,25.0,7.0,140.0,Mixed,0.0006417899999999999,1.186697425011207
Virgin,PS,25.0,7.0,140.0,Mixed,0.00071665,1.022492191262249
Virgin,PS,25.0,7.0,140.0,Mixed,0.00071455,1.404882491197491
Aged,PS,25.0,7.0,140.0,Mixed,1.713e-05,0.005093777843244421
Aged,PS,25.0,7.0,140.0,Mixed,1.292e-05,0.008536109941845841
Aged,PS,25.0,7.0,140.0,Mixed,1.713e-05,0.01444774274380102
Aged,PS,25.0,7.0,140.0,Mixed,0.00010128,0.002921191309824114
Aged,PS,25.0,7.0,140.0,Mixed,8.55e-05,0.02170650986736237
Aged,PS,25.0,7.0,140.0,Mixed,0.00018438,0.02595434062377881
Aged,PS,25.0,7.0,140.0,Mixed,0.00038214,0.1309392955200731
Aged,PS,25.0,7.0,140.0,Mixed,0.00040423,0.128363041812575
Aged,PS,25.0,7.0,140.0,Mixed,0.00045261,0.1258403738989727
Aged,PS,25.0,7.0,140.0,Mixed,0.0006703599999999999,0.4440685331432344
Aged,PS,25.0,7.0,140.0,Mixed,0.0006966499999999999,0.5416141474639717
Aged,PS,25.0,7.0,140.0,Mixed,0.00073137,1.377272893194194
Aged,PS,25.0,7.0,140.0,Mixed,0.00073557,1.747873508229715
Aged,PS,25.0,7.0,140.0,Mixed,1.11e-06,0.004658327306936916
Aged,PS,25.0,7.0,140.0,Mixed,1e-06,0.007502569030121841
Aged,PS,25.0,7.0,140.0,Mixed,6.68e-05,0.02421140541811282
Aged,PS,25.0,7.0,140.0,Mixed,0.00013778,0.04306455858266584
Aged,PS,25.0,7.0,140.0,Mixed,0.0001452,0.05357843204814131
Aged,PS,25.0,7.0,140.0,Mixed,0.00011553,0.06218276079857107
Aged,PS,25.0,7.0,140.0,Mixed,8.269e-05,0.1106012410019243
Aged,PS,25.0,7.0,140.0,Mixed,0.00010388,0.1209400099499209
Aged,PS,25.0,7.0,140.0,Mixed,0.00013354,0.3826220550869994
Aged,PS,25.0,7.0,140.0,Mixed,0.00013354,0.5635597917848865
Aged,PS,25.0,7.0,140.0,Mixed,0.00014944,1.022492191262249
Aged,PS,25.0,7.0,140.0,Mixed,0.00014732,1.350174806380491
Aged,PS,25.0,7.0,140.0,Mixed,0.00018334,1.022492191262249
Virgin,PE,25.0,7.0,140.0,Mixed,1.01e-05,0.003008846276645726
Virgin,PE,25.0,7.0,140.0,Mixed,5.870000000000001e-06,0.006047696663852927
Virgin,PE,25.0,7.0,140.0,Mixed,5.977e-05,0.01443743360488605
Virgin,PE,25.0,7.0,140.0,Mixed,0.00015172,0.0161372675683917
Virgin,PE,25.0,7.0,140.0,Mixed,0.00014855,0.03446592987067876
Virgin,PE,25.0,7.0,140.0,Mixed,0.00038107,0.04911226909989318
Virgin,PE,25.0,7.0,140.0,Mixed,0.00039693,0.04911226909989318
Virgin,PE,25.0,7.0,140.0,Mixed,0.00074148,0.2108336852311198
Virgin,PE,25.0,7.0,140.0,Mixed,0.00078693,0.2108336852311198
Virgin,PE,25.0,7.0,140.0,Mixed,0.00080912,0.294408266424372
Virgin,PE,25.0,7.0,140.0,Mixed,0.00091376,1.011672628461534
Virgin,PE,25.0,7.0,140.0,Mixed,0.0009761100000000001,1.130758861764626
Virgin,PE,25.0,7.0,140.0,Mixed,0.00101205,1.17747040442694
Aged,PE,25.0,7.0,140.0,Mixed,5.44e-06,0.004159201872999962
Aged,PE,25.0,7.0,140.0,Mixed,5.44e-06,0.00675974012472938
Aged,PE,25.0,7.0,140.0,Mixed,5.44e-06,0.01191242008027375
Aged,PE,25.0,7.0,140.0,Mixed,6.765e-05,0.02346442952687751
Aged,PE,25.0,7.0,140.0,Mixed,0.00014462,0.02786826938924004
Aged,PE,25.0,7.0,140.0,Mixed,0.00015833,0.03775200310026778
Aged,PE,25.0,7.0,140.0,Mixed,0.0003692,0.0774319149806031
Aged,PE,25.0,7.0,140.0,Mixed,0.00037131,0.1007325898799912
Aged,PE,25.0,7.0,140.0,Mixed,0.0006918499999999999,0.3192346324106495
Aged,PE,25.0,7.0,140.0,Mixed,0.00071505,0.2453917738552606
Aged,PE,25.0,7.0,140.0,Mixed,0.0007762,0.8869926069119134
Aged,PE,25.0,7.0,140.0,Mixed,0.00080362,0.7468097856637075
Aged,PE,25.0,7.0,140.0,Mixed,0.00083314,0.8692205794135311
Aged,PE,25.0,7.0,140.0,Mixed,1.372e-05,0.005691542720552266
Aged,PE,25.0,7.0,140.0,Mixed,8.3e-06,0.0116737395596142
Aged,PE,25.0,7.0,140.0,Mixed,6.252e-05,0.01518658062013601
Aged,PE,25.0,7.0,140.0,Mixed,7.427e-05,0.01955779996952409
Aged,PE,25.0,7.0,140.0,Mixed,0.0001285,0.0259627086633696
Aged,PE,25.0,7.0,140.0,Mixed,0.00017369,0.03178630161321441
Aged,PE,25.0,7.0,140.0,Mixed,0.00031016,0.1027921618686554
Aged,PE,25.0,7.0,140.0,Mixed,0.00034269,0.0790150828839864
Aged,PE,25.0,7.0,140.0,Mixed,0.0006797999999999999,0.294408266424372
Aged,PE,25.0,7.0,140.0,Mixed,0.0007620400000000001,1.471024818433523
Aged,PE,25.0,7.0,140.0,Mixed,0.00082621,1.384394929585153
Aged,PE,25.0,7.0,140.0,Mixed,0.00084338,1.108128181930399
Virgin,PS,25.0,7.0,160.0,Single-ion,0.01591,0.08104256
Virgin,PS,25.0,7.0,160.0,Single-ion,0.12931,0.16112278
Virgin,PS,25.0,7.0,160.0,Single-ion,0.2584,0.23504299
Virgin,PS,25.0,7.0,160.0,Single-ion,0.65933,0.3332409
Virgin,PS,25.0,7.0,160.0,Single-ion,1.02332,0.47129775
Virgin,PS,25.0,7.0,160.0,Single-ion,1.43438,0.56369801
Aged,PS,25.0,7.0,160.0,Single-ion,0.01034,0.08285433
Aged,PS,25.0,7.0,160.0,Single-ion,0.10703,0.18322637
Aged,PS,25.0,7.0,160.0,Single-ion,0.14956,0.34338681
Aged,PS,25.0,7.0,160.0,Single-ion,0.45532,0.54231913
Aged,PS,25.0,7.0,160.0,Single-ion,0.78134,0.7147996000000001
Aged,PS,25.0,7.0,160.0,Single-ion,1.03648,0.95830145
Virgin,PVC,25.0,7.0,160.0,Single-ion,0.02199,0.07596961
Virgin,PVC,25.0,7.0,160.0,Single-ion,0.13538,0.15677454
Virgin,PVC,25.0,7.0,160.0,Single-ion,0.21992,0.2734525
Virgin,PVC,25.0,7.0,160.0,Single-ion,0.6482,0.346648
Virgin,PVC,25.0,7.0,160.0,Single-ion,1.0461,0.44991887
Virgin,PVC,25.0,7.0,160.0,Single-ion,1.40451,0.59413574
Aged,PVC,25.0,7.0,160.0,Single-ion,0.00174,0.09517437
Aged,PVC,25.0,7.0,160.0,Single-ion,0.12121,0.17126869
Aged,PVC,25.0,7.0,160.0,Single-ion,0.19056,0.3049773
Aged,PVC,25.0,7.0,160.0,Single-ion,0.36167,0.63870527
Aged,PVC,25.0,7.0,160.0,Single-ion,0.73021,0.76444209
Aged,PVC,25.0,7.0,160.0,Single-ion,1.14279,0.85575528
Virgin,PE,25.0,,,Single-ion,0.6913,0.23430538
Virgin,PE,25.0,,,Single-ion,1.33874,0.23478679
Virgin,PE,25.0,,,Single-ion,1.96697,0.23729008
Virgin,PE,25.0,,,Single-ion,3.24264,0.23940825
Virgin,PE,25.0,,,Single-ion,4.96274,0.24479997
Virgin,PE,25.0,,,Single-ion,6.42496,0.24778466
Aged,PE,25.0,,,Single-ion,0.08502,0.23160953
Aged,PE,25.0,,,Single-ion,0.23042,0.23401654
Aged,PE,25.0,,,Single-ion,0.68307,0.23806033
Aged,PE,25.0,,,Single-ion,1.45396,0.24643674
Aged,PE,25.0,,,Single-ion,2.19742,0.25211729
Aged,PE,25.0,,,Single-ion,3.61849,0.26713706
Aged,PE,25.0,,,Single-ion,4.81734,0.27310645
Aged,PE,25.0,,,Single-ion,0.32369,0.24614789
Aged,PE,25.0,,,Single-ion,0.54591,0.26039742
Aged,PE,25.0,,,Single-ion,0.96839,0.2738767
Aged,PE,25.0,,,Single-ion,1.89839,0.29525099
Aged,PE,25.0,,,Single-ion,3.95867,0.31412198
Aged,PE,25.0,,,Single-ion,5.42363,0.31758808
Aged,PE,25.0,,,Single-ion,0.33741,0.25182845
Aged,PE,25.0,,,Single-ion,0.53768,0.27522463
Aged,PE,25.0,,,Single-ion,0.99033,0.31864717
Aged,PE,25.0,,,Single-ion,1.81335,0.35831476
Aged,PE,25.0,,,Single-ion,2.96556,0.38065186
Aged,PE,25.0,,,Single-ion,4.4415,0.38989479
Virgin,PE,25.0,,,Mixed,0.49104,0.00727579
Virgin,PE,25.0,,,Mixed,0.99033,0.01103073
Virgin,PE,25.0,,,Mixed,1.99166,0.01700013
Virgin,PE,25.0,,,Mixed,2.74335,0.02104391
Virgin,PE,25.0,,,Mixed,3.98884,0.0250877
Virgin,PE,25.0,,,Mixed,5.85434,0.03019057
Aged,PE,25.0,,,Mixed,0.24688,0.00506134
Aged,PE,25.0,,,Mixed,0.68307,0.0126675
Aged,PE,25.0,,,Mixed,1.14396,0.02345093
Aged,PE,25.0,,,Mixed,1.71458,0.03827813
Aged,PE,25.0,,,Mixed,2.81193,0.05849706
Aged,PE,25.0,,,Mixed,3.98061,0.06629578
Aged,PE,25.0,,,Mixed,5.00115,0.07948622
Aged,PE,25.0,,,Mixed,0.20847,0.04395868999999999
Aged,PE,25.0,,,Mixed,0.46086,0.06196316
Aged,PE,25.0,,,Mixed,0.7983,0.07900481999999999
Aged,PE,25.0,,,Mixed,2.3291,0.0954688
Aged,PE,25.0,,,Mixed,3.88185,0.09999398
Aged,PE,25.0,,,Mixed,5.27823,0.10268984
Aged,PE,25.0,,,Mixed,0.29352,0.05474211
Aged,PE,25.0,,,Mixed,0.5678499999999999,0.09161757
Aged,PE,25.0,,,Mixed,0.98485,0.1197315
Aged,PE,25.0,,,Mixed,2.03007,0.14534213
Aged,PE,25.0,,,Mixed,3.48132,0.16498337
Aged,PE,25.0,,,Mixed,5.07248,0.18192875
Virgin,TPU,,,100.0,Single-ion,2.09389,0.11454
Virgin,TPU,,,100.0,Single-ion,4.45659,0.18561
Virgin,TPU,,,100.0,Single-ion,6.72085,0.24878
Virgin,TPU,,,100.0,Single-ion,9.05893,0.27868
Virgin,TPU,,,100.0,Single-ion,13.80895,0.34185
Virgin,TPU,,,100.0,Single-ion,18.70662,0.37062
Virgin,TPU,,,100.0,Single-ion,28.69887,0.39261
Virgin,TPU,,,100.0,Single-ion,38.61729,0.38641
Virgin,TPU,,,100.0,Single-ion,48.56032,0.3802
Aged,TPU,,,100.0,Single-ion,2.04467,0.18392
Aged,TPU,,,100.0,Single-ion,4.30892,0.23638
Aged,TPU,,,100.0,Single-ion,6.52396,0.28375
Aged,TPU,,,100.0,Single-ion,8.86204,0.32606
Aged,TPU,,,100.0,Single-ion,13.75972,0.40389
Aged,TPU,,,100.0,Single-ion,18.50973,0.43548
Aged,TPU,,,100.0,Single-ion,28.42815,0.46989
Aged,TPU,,,100.0,Single-ion,38.34656,0.47778
Aged,TPU,,,100.0,Single-ion,48.26498,0.48568
Virgin,TPU,,,100.0,Mixed,2.04467,0.1114
Virgin,TPU,,,100.0,Mixed,3.89053,0.2361
Virgin,TPU,,,100.0,Mixed,6.30245,0.29282
Virgin,TPU,,,100.0,Mixed,8.78821,0.32433
Virgin,TPU,,,100.0,Mixed,13.53822,0.39276
Virgin,TPU,,,100.0,Mixed,18.28823,0.45939
Virgin,TPU,,,100.0,Mixed,28.35431,0.4819
Virgin,TPU,,,100.0,Mixed,38.22351,0.4936
Virgin,TPU,,,100.0,Mixed,47.99425,0.53502
Aged,TPU,,,100.0,Mixed,1.70011,0.21854
Aged,TPU,,,100.0,Mixed,3.96436,0.30183
Aged,TPU,,,100.0,Mixed,6.30245,0.34324
Aged,TPU,,,100.0,Mixed,8.51748,0.39906
Aged,TPU,,,100.0,Mixed,13.46438,0.45039
Aged,TPU,,,100.0,Mixed,18.23901,0.4945
Aged,TPU,,,100.0,Mixed,28.00975,0.52872
Aged,TPU,,,100.0,Mixed,38.002,0.54492
Aged,TPU,,,100.0,Mixed,48.06809,0.55393
Virgin,PS,15.0,,170.0,Mixed,0.1126913085,0.232167215
Virgin,PS,15.0,,170.0,Mixed,0.39034952,0.359931948
Virgin,PS,15.0,,170.0,Mixed,1.3423215295,0.6811689365
Virgin,PS,15.0,,170.0,Mixed,3.285930916499999,1.1776253495
Virgin,PS,15.0,,170.0,Mixed,4.9221324305,1.509813274
Virgin,PS,15.0,,170.0,Mixed,10.9512874315,1.7452653885
Virgin,PS,15.0,,170.0,Mixed,17.0597731685,1.847477302
Virgin,PS,25.0,,170.0,Mixed,0.1126913085,0.263196138
Virgin,PS,25.0,,170.0,Mixed,0.3407678099999999,0.4165136904999999
Virgin,PS,25.0,,170.0,Mixed,0.9754156044999999,0.8198846055
Virgin,PS,25.0,,170.0,Mixed,2.839693619999999,1.371097605
Virgin,PS,25.0,,170.0,Mixed,4.416397082,1.7507408565
Virgin,PS,25.0,,170.0,Mixed,9.840653314499999,2.0884048845
Virgin,PS,25.0,,170.0,Mixed,15.8598919735,2.2818765045
Virgin,PS,35.0,,170.0,Mixed,0.1126913085,0.3033502055
Virgin,PS,35.0,,170.0,Mixed,0.4795972335,0.5077740325
Virgin,PS,35.0,,170.0,Mixed,0.836586181,1.0352593685
Virgin,PS,35.0,,170.0,Mixed,2.423205985,1.719712569
Virgin,PS,35.0,,170.0,Mixed,3.7817492875,2.205218046
Virgin,PS,35.0,,170.0,Mixed,8.888681305,2.522804087
Virgin,PS,35.0,,170.0,Mixed,15.3640736025,2.741829162
Virgin,PS,25.0,6.0,,Single-ion,0.195734,0.0477254145
Virgin,PS,25.0,6.0,,Single-ion,0.327918,0.1262795695
Virgin,PS,25.0,6.0,,Single-ion,0.6583779999999999,0.2472050515
Virgin,PS,25.0,6.0,,Single-ion,1.8270625,0.5471394445
Virgin,PS,25.0,6.0,,Single-ion,4.487901,0.7466190815
Virgin,PS,25.0,6.0,,Mixed,0.210986,0.041059655
Virgin,PS,25.0,6.0,,Mixed,0.3971875,0.09485790749999999
Virgin,PS,25.0,6.0,,Mixed,0.7873844999999999,0.197215986
Virgin,PS,25.0,6.0,,Mixed,2.0609265,0.4771543715
Virgin,PS,25.0,6.0,,Mixed,4.7490915,0.6409278055
Virgin,PS,25.0,6.0,,Mixed,0.2319575,0.0315379585
Virgin,PS,25.0,6.0,,Mixed,0.451205,0.07057735899999999
Virgin,PS,25.0,6.0,,Mixed,0.856654,0.1643663555
Virgin,PS,25.0,6.0,,Mixed,2.3761345,0.3552762749999999
Virgin,PS,25.0,6.0,,Mixed,4.974694,0.54618683
Virgin,PS,25.0,6.0,,Mixed,0.2230605,0.029158011
Virgin,PS,25.0,6.0,,Mixed,0.477896,0.0620076415
Virgin,PS,25.0,6.0,,Mixed,0.979941,0.11437729
Virgin,PS,25.0,6.0,,Mixed,2.658932,0.241967896
Virgin,PS,25.0,6.0,,Mixed,5.305154,0.4128830789999999
Virgin,PS,25.0,6.0,,Mixed,0.270723,0.0196363145
Virgin,PS,25.0,6.0,,Mixed,0.499503,0.0510579765
Virgin,PS,25.0,6.0,,Mixed,1.048575,0.0891447625
Virgin,PS,25.0,6.0,,Mixed,2.7879385,0.196264007
Virgin,PS,25.0,6.0,,Mixed,5.559989499999999,0.313856927
Aged,PS,25.0,6.0,,Single-ion,0.1124835,0.0776587355
Aged,PS,25.0,6.0,,Single-ion,0.130913,0.1906595325
Aged,PS,25.0,6.0,,Single-ion,0.363506,0.321044432
Aged,PS,25.0,6.0,,Single-ion,1.456566,0.693367359
Aged,PS,25.0,6.0,,Single-ion,4.236243,0.889669496
Aged,PS,25.0,6.0,,Single-ion,9.758738,1.180863222
Aged,PS,25.0,6.0,,Mixed,0.130913,0.0704153065
Aged,PS,25.0,6.0,,Mixed,0.1862015,0.1884861225
Aged,PS,25.0,6.0,,Mixed,0.4734475,0.3282884965
Aged,PS,25.0,6.0,,Mixed,1.7253825,0.586885521
Aged,PS,25.0,6.0,,Mixed,4.4682005,0.7600084309999999
Aged,PS,25.0,6.0,,Mixed,10.2105785,1.002670293
Aged,PS,25.0,6.0,,Mixed,0.130913,0.05882505749999999
Aged,PS,25.0,6.0,,Mixed,0.2230605,0.1609600755
Aged,PS,25.0,6.0,,Mixed,0.4912415,0.3159737775
Aged,PS,25.0,6.0,,Mixed,1.933191,0.5057569555
Aged,PS,25.0,6.0,,Mixed,4.65186,0.691193949
Aged,PS,25.0,6.0,,Mixed,10.4736755,0.9012591094999999
Aged,PS,25.0,6.0,,Mixed,0.1798465,0.05013268849999999
Aged,PS,25.0,6.0,,Mixed,0.2167055,0.177620979
Aged,PS,25.0,6.0,,Mixed,0.668546,0.2413648065
Aged,PS,25.0,6.0,,Mixed,2.159429,0.406519182
Aged,PS,25.0,6.0,,Mixed,5.0185435,0.5369047169999999
Aged,PS,25.0,6.0,,Mixed,11.053887,0.6651168419999999
Aged,PS,25.0,6.0,,Mixed,0.198276,0.04288925949999999
Aged,PS,25.0,6.0,,Mixed,0.265639,0.150094932
Aged,PS,25.0,6.0,,Mixed,0.7174794999999999,0.229050723
Aged,PS,25.0,6.0,,Mixed,2.281445,0.3587111525
Aged,PS,25.0,6.0,,Mixed,5.1952125,0.4644685205
Aged,PS,25.0,6.0,,Mixed,11.1701835,0.6194822225
Aged,PS,25.0,6.0,,Single-ion,0.208444,0.301946386
Aged,PS,25.0,6.0,,Single-ion,0.995193,0.7827472565000001
Aged,PS,25.0,6.0,,Single-ion,2.993205,1.268568577
Aged,PS,25.0,6.0,,Single-ion,5.7938535,1.446828869
Aged,PS,25.0,6.0,,Single-ion,8.466766499999999,1.6690269955
Aged,PS,25.0,6.0,,Single-ion,14.052176,1.9878865785
Aged,PS,25.0,6.0,,Mixed,0.2484805,0.2843716335000001
Aged,PS,25.0,6.0,,Mixed,1.0593785,0.755129062
Aged,PS,25.0,6.0,,Mixed,3.2022845,1.1857152645
Aged,PS,25.0,6.0,,Mixed,5.898711,1.406657643
Aged,PS,25.0,6.0,,Mixed,8.5951375,1.593705629
Aged,PS,25.0,6.0,,Mixed,14.284769,1.8899687385
Aged,PS,25.0,6.0,,Mixed,0.280891,0.265541133
Aged,PS,25.0,6.0,,Mixed,1.2360475,0.6823185559999999
Aged,PS,25.0,6.0,,Mixed,3.402467,1.1103945335
Aged,PS,25.0,6.0,,Mixed,6.179601999999999,1.281122244
Aged,PS,25.0,6.0,,Mixed,8.771171,1.53344879
Aged,PS,25.0,6.0,,Mixed,14.6056965,1.746858587
Aged,PS,25.0,6.0,,Mixed,0.489335,0.177666735
Aged,PS,25.0,6.0,,Mixed,1.58875,0.529165598
Aged,PS,25.0,6.0,,Mixed,3.804103,0.942177048
Aged,PS,25.0,6.0,,Mixed,6.5005295,1.144288926
Aged,PS,25.0,6.0,,Mixed,9.277028999999999,1.3602095835
Aged,PS,25.0,6.0,,Mixed,14.918998,1.497043537
Aged,PS,25.0,6.0,,Mixed,0.6742655,0.09983450799999999
Aged,PS,25.0,6.0,,Mixed,1.837866,0.4136730055
Aged,PS,25.0,6.0,,Mixed,3.932474,0.8743876275
Aged,PS,25.0,6.0,,Mixed,6.7890465,1.011221581
Aged,PS,25.0,6.0,,Mixed,9.613844,1.2145885715
Aged,PS,25.0,6.0,,Mixed,15.0950315,1.371508138
Virgin,PE,30.0,5.0,160.0,Single-ion,0.07531,0.38241
Virgin,PE,30.0,5.0,160.0,Single-ion,0.45938,0.9032
Virgin,PE,30.0,5.0,160.0,Single-ion,2.60029,1.07948
Virgin,PE,30.0,5.0,160.0,Single-ion,4.38755,1.11856
Virgin,PE,30.0,5.0,160.0,Single-ion,9.09528,1.18058
Virgin,PE,30.0,5.0,160.0,Single-ion,14.00454,1.19969
Virgin,PE,30.0,5.0,160.0,Single-ion,18.92522,1.21966
Virgin,PLA,,,150.0,Single-ion,13.01324,0.00019794
Virgin,PLA,,,150.0,Single-ion,118.6033,0.00072041
Virgin,PLA,,,150.0,Single-ion,273.36707,0.00094315
Virgin,PLA,,,150.0,Single-ion,755.95559,0.0009514
Virgin,PLA,,,150.0,Single-ion,1225.58359,0.0009734
Virgin,PLA,,,150.0,Single-ion,1552.26476,0.0009348999999999999
Aged,PLA,,,150.0,Single-ion,18.34992,0.00293681
Aged,PLA,,,150.0,Single-ion,83.15248,0.00497171
Aged,PLA,,,150.0,Single-ion,486.83435,0.00714961
Aged,PLA,,,150.0,Single-ion,928.63536,0.00842005
Aged,PLA,,,150.0,Single-ion,1261.79679,0.00775733
Aged,PLA,,,150.0,Single-ion,1553.40833,0.00793607
Virgin,PA,25.0,,185.0,Single-ion,0.26942,0.05951
Virgin,PA,25.0,,185.0,Single-ion,1.15386,0.11406
Virgin,PA,25.0,,185.0,Single-ion,2.15775,0.12018
Virgin,PA,25.0,,185.0,Single-ion,2.79478,0.1292
Virgin,PA,25.0,,185.0,Single-ion,3.66216,0.13034
Virgin,PA,25.0,,185.0,Single-ion,6.09083,0.13874
Virgin,PP,25.0,,200.0,Single-ion,1.51311,0.51313
Virgin,PP,25.0,,200.0,Single-ion,1.33393,0.80446
Virgin,PP,25.0,,200.0,Single-ion,1.51311,1.05342
Virgin,PP,25.0,,200.0,Single-ion,6.53012,1.92742
Virgin,PP,25.0,,200.0,Single-ion,11.90548,2.73256
Virgin,PP,25.0,,200.0,Single-ion,20.59566,3.99854
Virgin,PP,25.0,,200.0,Single-ion,32.69023,5.96372
Virgin,PP,25.0,,200.0,Single-ion,53.38539,6.73708
Virgin,PP,25.0,,200.0,Single-ion,68.6156,7.55811
Virgin,PP,25.0,,200.0,Single-ion,87.07102,7.31445
Virgin,PP,25.0,,200.0,Single-ion,131.32821,9.09424
Aged,PP,25.0,,200.0,Single-ion,4.29038,1.00045
Aged,PP,25.0,,200.0,Single-ion,11.63671,1.25471
Aged,PP,25.0,,200.0,Single-ion,17.01208,1.9592
Aged,PP,25.0,,200.0,Single-ion,29.28583,2.87029
Aged,PP,25.0,,200.0,Single-ion,52.75827,3.35761
Aged,PP,25.0,,200.0,Single-ion,75.06604,3.90849
Aged,PP,25.0,,200.0,Single-ion,89.8483,4.76131
Aged,PP,25.0,,200.0,Single-ion,101.22615,5.41284
Aged,PP,25.0,,200.0,Single-ion,155.9653,5.59823
Aged,PP,25.0,,200.0,Single-ion,8.68026,1.74203
Aged,PP,25.0,,200.0,Single-ion,17.81839,1.9698
Aged,PP,25.0,,200.0,Single-ion,35.55709,2.01747
Aged,PP,25.0,,200.0,Single-ion,60.19419,2.30881
Aged,PP,25.0,,200.0,Single-ion,82.05401,2.95504
Aged,PP,25.0,,200.0,Single-ion,101.6741,3.13513
Aged,PP,25.0,,200.0,Single-ion,116.9939,3.33642
Aged,PP,25.0,,200.0,Single-ion,176.48128,3.08216
Aged,PP,25.0,,200.0,Single-ion,2.31941,1.18055
Aged,PP,25.0,,200.0,Single-ion,10.83041,1.40302
Aged,PP,25.0,,200.0,Single-ion,12.71179,2.82261
Aged,PP,25.0,,200.0,Single-ion,35.01956,2.80672
Aged,PP,25.0,,200.0,Single-ion,55.98349,3.45825
Aged,PP,25.0,,200.0,Single-ion,88.32527,2.30351
Aged,PP,25.0,,200.0,Single-ion,108.4829,2.36707
Aged,PP,25.0,,200.0,Single-ion,136.88275,2.37237
Aged,PP,25.0,,200.0,Single-ion,182.39419,2.42004
Aged,PP,25.0,,200.0,Single-ion,2.76736,0.29066
Aged,PP,25.0,,200.0,Single-ion,7.60519,0.44957
Aged,PP,25.0,,200.0,Single-ion,14.59317,0.88921
Aged,PP,25.0,,200.0,Single-ion,21.58114,1.46659
Aged,PP,25.0,,200.0,Single-ion,44.96399,0.7885699999999999
Aged,PP,25.0,,200.0,Single-ion,68.6156,1.29179
Aged,PP,25.0,,200.0,Single-ion,95.31325,1.20174
Aged,PP,25.0,,200.0,Single-ion,115.65005,1.31827
Aged,PP,25.0,,200.0,Single-ion,132.58246,1.25471
Aged,PP,25.0,,200.0,Single-ion,189.20298,1.34475
Aged,PP,25.0,,200.0,Single-ion,4.02161,1.04283
Aged,PP,25.0,,200.0,Single-ion,8.05314,1.73143
Aged,PP,25.0,,200.0,Single-ion,18.89346,2.01747
Aged,PP,25.0,,200.0,Single-ion,37.70724,2.54187
Aged,PP,25.0,,200.0,Single-ion,69.95944,1.67846
Aged,PP,25.0,,200.0,Single-ion,89.04199,2.11811
Aged,PP,25.0,,200.0,Single-ion,111.8873,2.01747
Aged,PP,25.0,,200.0,Single-ion,138.31618,2.28232
Aged,PP,25.0,,200.0,Single-ion,185.97776,1.95391
Aged,PP,25.0,,200.0,Single-ion,2.76736,0.48135
Aged,PP,25.0,,200.0,Single-ion,3.84243,0.86803
Aged,PP,25.0,,200.0,Single-ion,6.35094,1.80559
Aged,PP,25.0,,200.0,Single-ion,14.05563,2.11811
Aged,PP,25.0,,200.0,Single-ion,28.38994,2.90736
Aged,PP,25.0,,200.0,Single-ion,61.0005,2.54717
Aged,PP,25.0,,200.0,Single-ion,83.66662,2.11811
Aged,PP,25.0,,200.0,Single-ion,103.3763,2.17108
Aged,PP,25.0,,200.0,Single-ion,139.66002,1.40302
Aged,PP,25.0,,200.0,Single-ion,192.15944,1.02694
Virgin,PE,25.0,,200.0,Single-ion,9.46112,1.58817
Virgin,PE,25.0,,200.0,Single-ion,17.45339,1.79519
Virgin,PE,25.0,,200.0,Single-ion,24.37353,3.47545
Virgin,PE,25.0,,200.0,Single-ion,54.58821,6.30156
Virgin,PE,25.0,,200.0,Single-ion,68.42849,7.1778
Virgin,PE,25.0,,200.0,Single-ion,99.13051,6.6771
Virgin,PE,25.0,,200.0,Single-ion,146.79174,7.43779
Aged,PE,25.0,,200.0,Single-ion,10.14339,1.33781
Aged,PE,25.0,,200.0,Single-ion,14.23699,2.27183
Aged,PE,25.0,,200.0,Single-ion,29.63673,2.80624
Aged,PE,25.0,,200.0,Single-ion,49.71488,3.9906
Aged,PE,25.0,,200.0,Single-ion,69.79302,4.31799
Aged,PE,25.0,,200.0,Single-ion,81.78143,5.4831
Aged,PE,25.0,,200.0,Single-ion,111.70372,5.05942
Aged,PE,25.0,,200.0,Single-ion,155.36881,6.23416
Aged,PE,25.0,,200.0,Single-ion,11.99526,1.15486
Aged,PE,25.0,,200.0,Single-ion,16.38126,1.8963
Aged,PE,25.0,,200.0,Single-ion,30.6114,2.74846
Aged,PE,25.0,,200.0,Single-ion,55.27048,3.54767
Aged,PE,25.0,,200.0,Single-ion,70.96262,3.91839
Aged,PE,25.0,,200.0,Single-ion,80.90423,4.76092
Aged,PE,25.0,,200.0,Single-ion,108.09745,4.95832
Aged,PE,25.0,,200.0,Single-ion,159.46241,5.34348
Aged,PE,25.0,,200.0,Single-ion,0.49418,0.50491
Aged,PE,25.0,,200.0,Single-ion,2.44352,0.95265
Aged,PE,25.0,,200.0,Single-ion,8.68139,1.55447
Aged,PE,25.0,,200.0,Single-ion,18.13566,1.68927
Aged,PE,25.0,,200.0,Single-ion,35.97207,2.0311
Aged,PE,25.0,,200.0,Single-ion,62.87289,2.55588
Aged,PE,25.0,,200.0,Single-ion,82.26876,2.45478
Aged,PE,25.0,,200.0,Single-ion,95.32931,3.16732
Aged,PE,25.0,,200.0,Single-ion,127.00599,2.98919
Aged,PE,25.0,,200.0,Single-ion,174.66722,3.40805
Aged,PE,25.0,,200.0,Single-ion,3.41818,0.32196
Aged,PE,25.0,,200.0,Single-ion,5.95232,0.67823
Aged,PE,25.0,,200.0,Single-ion,14.52939,0.77933
Aged,PE,25.0,,200.0,Single-ion,25.73806,0.78896
Aged,PE,25.0,,200.0,Single-ion,42.89221,0.98154
Aged,PE,25.0,,200.0,Single-ion,65.69942,1.87222
Aged,PE,25.0,,200.0,Single-ion,86.16743,2.17072
Aged,PE,25.0,,200.0,Single-ion,109.94931,1.68927
Aged,PE,25.0,,200.0,Single-ion,137.72733,1.5978
Aged,PE,25.0,,200.0,Single-ion,191.4315,1.42929
Aged,PE,25.0,,200.0,Single-ion,3.71058,0.27862
Aged,PE,25.0,,200.0,Single-ion,6.82952,0.57231
Aged,PE,25.0,,200.0,Single-ion,14.72432,0.736
Aged,PE,25.0,,200.0,Single-ion,20.76726,1.22227
Aged,PE,25.0,,200.0,Single-ion,39.87074,1.54484
Aged,PE,25.0,,200.0,Single-ion,90.9433,1.5641
Aged,PE,25.0,,200.0,Single-ion,113.55558,1.32337
Aged,PE,25.0,,200.0,Single-ion,139.5792,1.34744
Aged,PE,25.0,,200.0,Single-ion,195.42763,0.99599
Aged,PE,25.0,,200.0,Single-ion,1.37138,0.44713
Aged,PE,25.0,,200.0,Single-ion,13.06739,0.87081
Aged,PE,25.0,,200.0,Single-ion,23.98366,0.82748
Aged,PE,25.0,,200.0,Single-ion,43.76941,0.95265
Aged,PE,25.0,,200.0,Single-ion,74.17903,1.03932
Aged,PE,25.0,,200.0,Single-ion,94.74451,0.99599
Aged,PE,25.0,,200.0,Single-ion,115.69985,0.91895
Aged,PE,25.0,,200.0,Single-ion,142.40573,0.90451
Aged,PE,25.0,,200.0,Single-ion,194.55043,1.01524
Aged,PS,25.0,,150.0,Single-ion,0.7871,0.48767
Aged,PS,25.0,,150.0,Single-ion,1.57981,0.9265
Aged,PS,25.0,,150.0,Single-ion,2.53686,0.96025
Aged,PS,25.0,,150.0,Single-ion,2.93321,2.27298
Aged,PS,25.0,,150.0,Single-ion,4.87631,2.27298
Aged,PS,25.0,,150.0,Single-ion,8.0858,3.75073
Aged,PS,25.0,,150.0,Single-ion,13.97309,4.06204
Aged,PS,25.0,,150.0,Single-ion,17.26959,5.47978
Aged,PS,25.0,,150.0,Mixed,0.87411,0.10135
Aged,PS,25.0,,150.0,Mixed,1.85049,0.35265
Aged,PS,25.0,,150.0,Mixed,3.08788,0.19512
Aged,PS,25.0,,150.0,Mixed,3.86126,0.98651
Aged,PS,25.0,,150.0,Mixed,5.21466,1.57911
Aged,PS,25.0,,150.0,Mixed,9.64221,2.17921
Aged,PS,25.0,,150.0,Mixed,11.32429,2.05169
Aged,PS,25.0,,150.0,Mixed,15.10415,2.56553
Aged,PS,25.0,,150.0,Mixed,19.57037,2.49052
Aged,PVC,25.0,,150.0,Single-ion,0.83807,0.42729
Aged,PVC,25.0,,150.0,Single-ion,1.73315,0.59836
Aged,PVC,25.0,,150.0,Single-ion,2.47027,1.11427
Aged,PVC,25.0,,150.0,Single-ion,2.97423,2.11133
Aged,PVC,25.0,,150.0,Single-ion,4.76439,2.50963
Aged,PVC,25.0,,150.0,Single-ion,8.54779,2.90792
Aged,PVC,25.0,,150.0,Single-ion,14.24923,3.54411
Aged,PVC,25.0,,150.0,Mixed,0.89072,0.12255
Aged,PVC,25.0,,150.0,Mixed,1.92119,0.18403
Aged,PVC,25.0,,150.0,Mixed,2.80123,0.77211
Aged,PVC,25.0,,150.0,Mixed,3.764,1.13833
Aged,PVC,25.0,,150.0,Mixed,5.27586,1.49385
Aged,PVC,25.0,,150.0,Mixed,9.68357,2.0258
Aged,PVC,25.0,,150.0,Mixed,14.97131,2.82238
Virgin,PBAT,,5.5,200.0,Single-ion,0.13484,0.01184204
Virgin,PBAT,,5.5,200.0,Single-ion,0.85373,0.03497362
Virgin,PBAT,,5.5,200.0,Single-ion,1.81836,0.05634666
Virgin,PBAT,,5.5,200.0,Single-ion,4.75407,0.0904353
Virgin,PBAT,,5.5,200.0,Single-ion,7.59567,0.1024069
Virgin,PBAT,,5.5,200.0,Single-ion,9.67393,0.11282288
Aged,PBAT,,5.5,200.0,Single-ion,0.0,0.01333004
Aged,PBAT,,5.5,200.0,Single-ion,0.46422,0.06601863
Aged,PBAT,,5.5,200.0,Single-ion,1.37918,0.09537274
Aged,PBAT,,5.5,200.0,Single-ion,4.02995,0.13000247
Aged,PBAT,,5.5,200.0,Single-ion,7.3238,0.16206203
Aged,PBAT,,5.5,200.0,Single-ion,8.99948,0.17356018
Virgin,PLA,25.0,6.0,160.0,Single-ion,0.96691,0.16907
Virgin,PLA,25.0,6.0,160.0,Single-ion,2.99162,0.59149
Virgin,PLA,25.0,6.0,160.0,Single-ion,4.97783,0.94532
Virgin,PLA,25.0,6.0,160.0,Single-ion,9.95875,1.27266
Virgin,PLA,25.0,6.0,160.0,Single-ion,14.98587,1.81354
Virgin,PLA,25.0,6.0,160.0,Single-ion,20.02838,2.28116
Virgin,PLA,25.0,6.0,160.0,Single-ion,25.0093,2.57421
Virgin,PLA,25.0,6.0,160.0,Single-ion,30.01332,2.72696
Aged,PLA,25.0,6.0,160.0,Single-ion,1.0131,0.38729
Aged,PLA,25.0,6.0,160.0,Single-ion,2.99162,1.05443
Aged,PLA,25.0,6.0,160.0,Single-ion,4.97783,1.52206
Aged,PLA,25.0,6.0,160.0,Single-ion,14.96277,2.79243
Aged,PLA,25.0,6.0,160.0,Single-ion,20.05148,3.56401
Aged,PLA,25.0,6.0,160.0,Single-ion,25.0324,4.17503
Aged,PLA,25.0,6.0,160.0,Single-ion,30.03642,4.402610000000001
Virgin,PS,25.0,6.0,160.0,Single-ion,1.0516,0.12075
Virgin,PS,25.0,6.0,160.0,Single-ion,2.97622,0.18622
Virgin,PS,25.0,6.0,160.0,Single-ion,5.00092,0.22986
Virgin,PS,25.0,6.0,160.0,Single-ion,9.98185,0.26415
Virgin,PS,25.0,6.0,160.0,Single-ion,15.00896,0.30312
Virgin,PS,25.0,6.0,160.0,Single-ion,20.00528,0.33897
Virgin,PS,25.0,6.0,160.0,Single-ion,24.98621,0.37326
Virgin,PS,25.0,6.0,160.0,Single-ion,30.05952,0.38729
Aged,PS,25.0,6.0,160.0,Single-ion,1.0131,0.13322
Aged,PS,25.0,6.0,160.0,Single-ion,2.97622,0.22986
Aged,PS,25.0,6.0,160.0,Single-ion,4.97783,0.30312
Aged,PS,25.0,6.0,160.0,Single-ion,10.02804,0.37794
Aged,PS,25.0,6.0,160.0,Single-ion,15.02436,0.45588
Aged,PS,25.0,6.0,160.0,Single-ion,20.02838,0.51823
Aged,PS,25.0,6.0,160.0,Single-ion,25.0093,0.57902
Aged,PS,25.0,6.0,160.0,Single-ion,30.05952,0.60552
Virgin,PA,25.0,5.0,200.0,Single-ion,0.6086,0.11387
Virgin,PA,25.0,5.0,200.0,Single-ion,1.30219,0.20443
Virgin,PA,25.0,5.0,200.0,Single-ion,3.62242,0.32728
Virgin,PA,25.0,5.0,200.0,Single-ion,6.41742,0.5522699999999999
Virgin,PA,25.0,5.0,200.0,Single-ion,13.73315,0.67898
Aged,PA,25.0,5.0,200.0,Single-ion,0.50126,0.14722
Aged,PA,25.0,5.0,200.0,Single-ion,1.07926,0.28691
Aged,PA,25.0,5.0,200.0,Single-ion,3.03204,0.5807
Aged,PA,25.0,5.0,200.0,Single-ion,6.25641,0.93626
Aged,PA,25.0,5.0,200.0,Single-ion,12.63497,1.01874
Virgin,PLA,25.0,5.0,200.0,Single-ion,0.71762,0.09808
Virgin,PLA,25.0,5.0,200.0,Single-ion,1.43502,0.16687
Virgin,PLA,25.0,5.0,200.0,Single-ion,3.60662,0.31815
Virgin,PLA,25.0,5.0,200.0,Single-ion,6.76319,0.43714
Virgin,PLA,25.0,5.0,200.0,Single-ion,13.01429,0.63756
Aged,PLA,25.0,5.0,200.0,Single-ion,0.5974,0.11773
Aged,PLA,25.0,5.0,200.0,Single-ion,1.29154,0.2111
Aged,PLA,25.0,5.0,200.0,Single-ion,3.1374,0.55893
Aged,PLA,25.0,5.0,200.0,Single-ion,6.04579,0.88115
Aged,PLA,25.0,5.0,200.0,Single-ion,12.07973,0.95486
Virgin,PP,25.0,6.0,150.0,Single-ion,0.01364,0.10844
Virgin,PP,25.0,6.0,150.0,Single-ion,0.09333,0.43854
Virgin,PP,25.0,6.0,150.0,Single-ion,0.33241,0.72148
Virgin,PP,25.0,6.0,150.0,Single-ion,0.42254,1.66461
Virgin,PP,25.0,6.0,150.0,Single-ion,1.92912,3.21841
Virgin,PP,25.0,6.0,150.0,Single-ion,0.00514,0.07543
Virgin,PP,25.0,6.0,150.0,Single-ion,0.16683,0.38431
Virgin,PP,25.0,6.0,150.0,Single-ion,0.46865,0.69554
Virgin,PP,25.0,6.0,150.0,Single-ion,0.50687,1.65282
Virgin,PP,25.0,6.0,150.0,Single-ion,1.59951,3.9234
Aged,PP,25.0,6.0,150.0,Single-ion,0.00738,0.10844
Aged,PP,25.0,6.0,150.0,Single-ion,0.16115,0.41024
Aged,PP,25.0,6.0,150.0,Single-ion,0.40361,0.74741
Aged,PP,25.0,6.0,150.0,Single-ion,0.52779,1.65282
Aged,PP,25.0,6.0,150.0,Single-ion,1.61785,3.93755
Virgin,PS,25.0,6.0,150.0,Single-ion,0.00303,0.08077
Virgin,PS,25.0,6.0,150.0,Single-ion,0.04832,0.46776
Virgin,PS,25.0,6.0,150.0,Single-ion,0.1304,0.89986
Virgin,PS,25.0,6.0,150.0,Single-ion,0.40968,1.66434
Virgin,PS,25.0,6.0,150.0,Single-ion,1.83437,3.32626
Virgin,PS,25.0,6.0,150.0,Single-ion,0.0072,0.10791
Virgin,PS,25.0,6.0,150.0,Single-ion,0.03959,0.50585
Virgin,PS,25.0,6.0,150.0,Single-ion,0.11962,0.95686
Virgin,PS,25.0,6.0,150.0,Single-ion,0.45306,1.68763
Virgin,PS,25.0,6.0,150.0,Single-ion,1.94115,3.32041
Aged,PS,25.0,6.0,150.0,Single-ion,0.00483,0.10689
Aged,PS,25.0,6.0,150.0,Single-ion,0.03212,0.49388
Aged,PS,25.0,6.0,150.0,Single-ion,0.10981,0.9331
Aged,PS,25.0,6.0,150.0,Single-ion,0.43004,1.63111
Aged,PS,25.0,6.0,150.0,Single-ion,1.70905,3.40461
Virgin,PBAT,25.0,,180.0,Single-ion,0.05543,0.08059473
Virgin,PBAT,25.0,,180.0,Single-ion,0.31618,0.35959355
Virgin,PBAT,25.0,,180.0,Single-ion,0.48837,0.76596141
Virgin,PBAT,25.0,,180.0,Single-ion,1.98398,1.5150126
Virgin,PBAT,25.0,,180.0,Single-ion,5.08836,2.65223608
Aged,PBAT,25.0,,180.0,Single-ion,0.08249,0.38385432
Aged,PBAT,25.0,,180.0,Single-ion,0.25468,0.89333044
Aged,PBAT,25.0,,180.0,Single-ion,0.73682,2.3368461
Aged,PBAT,25.0,,180.0,Single-ion,1.41083,3.54078668
Aged,PBAT,25.0,,180.0,Single-ion,3.09093,3.71061206
Aged,PBAT,25.0,,180.0,Single-ion,0.02837,0.08665992
Aged,PBAT,25.0,,180.0,Single-ion,0.62612,0.65678795
Aged,PBAT,25.0,,180.0,Single-ion,2.81542,0.9266889899999999
Aged,PBAT,25.0,,180.0,Single-ion,5.37617,1.34518723
Aged,PBAT,25.0,,180.0,Single-ion,7.01446,1.70909874
Virgin,PBAT,25.0,,180.0,Mixed,0.05811,0.06690438
Virgin,PBAT,25.0,,180.0,Mixed,0.2669,0.37504329
Virgin,PBAT,25.0,,180.0,Mixed,0.41851,0.75705112
Virgin,PBAT,25.0,,180.0,Mixed,1.40777,1.68568894
Virgin,PBAT,25.0,,180.0,Mixed,3.54286,2.2935246
Virgin,PBAT,25.0,,180.0,Mixed,4.33575,2.64809541
Aged,PBAT,25.0,,180.0,Mixed,0.1625,0.28640059
Aged,PBAT,25.0,,180.0,Mixed,0.29424,0.79926193
Aged,PBAT,25.0,,180.0,Mixed,0.42597,1.50840354
Aged,PBAT,25.0,,180.0,Mixed,1.15672,3.06809296
Aged,PBAT,25.0,,180.0,Mixed,2.2976,3.5809543
Aged,PBAT,25.0,,180.0,Mixed,0.05811,0.09012033
Aged,PBAT,25.0,,180.0,Mixed,0.14759,0.43835951
Aged,PBAT,25.0,,180.0,Mixed,0.68447,0.72328248
Aged,PBAT,25.0,,180.0,Mixed,2.81956,1.0947376
Aged,PBAT,25.0,,180.0,Mixed,4.74587,1.52528786
Aged,PBAT,25.0,,180.0,Mixed,6.86108,1.7511157
Virgin,PA,25.0,,250.0,Single-ion,0.22147,0.01465
Virgin,PA,25.0,,250.0,Single-ion,1.00787,0.06364
Virgin,PA,25.0,,250.0,Single-ion,2.04362,0.06037
Virgin,PA,25.0,,250.0,Single-ion,10.00356,0.08433
Virgin,PA,25.0,,250.0,Single-ion,19.95828,0.08759
Aged,PA,25.0,,250.0,Single-ion,0.24065,0.40876
Aged,PA,25.0,,250.0,Single-ion,0.96951,1.03475
Aged,PA,25.0,,250.0,Single-ion,2.00526,1.05544
Aged,PA,25.0,,250.0,Single-ion,9.98438,1.06741
Aged,PA,25.0,,250.0,Single-ion,19.95828,0.9531
Aged,PA,25.0,,250.0,Single-ion,0.32696,0.18775
Aged,PA,25.0,,250.0,Single-ion,1.06541,0.29662
Aged,PA,25.0,,250.0,Single-ion,2.08198,0.36412
Aged,PA,25.0,,250.0,Single-ion,9.94602,0.42835
Aged,PA,25.0,,250.0,Single-ion,20.02542,0.5873
Aged,PA,25.0,,250.0,Single-ion,0.18311,0.19755
Aged,PA,25.0,,250.0,Single-ion,0.98869,0.1834
Aged,PA,25.0,,250.0,Single-ion,1.98608,0.25307
Aged,PA,25.0,,250.0,Single-ion,10.03233,0.27702
Aged,PA,25.0,,250.0,Single-ion,19.97746,0.36303
Aged,PA,25.0,,250.0,Single-ion,0.24065,0.1834
Aged,PA,25.0,,250.0,Single-ion,1.06541,0.93133
Aged,PA,25.0,,250.0,Single-ion,2.04362,1.03911
Aged,PA,25.0,,250.0,Single-ion,10.00356,1.18826
Aged,PA,25.0,,250.0,Single-ion,20.01583,1.30148
Virgin,PLA,25.0,,250.0,Single-ion,0.24033,0.40446
Virgin,PLA,25.0,,250.0,Single-ion,1.05803,1.19744
Virgin,PLA,25.0,,250.0,Single-ion,2.0489,1.22141
Virgin,PLA,25.0,,250.0,Single-ion,10.03356,1.31329
Virgin,PLA,25.0,,250.0,Single-ion,19.9711,1.46709
Aged,PLA,25.0,,250.0,Single-ion,0.18261,0.41245
Aged,PLA,25.0,,250.0,Single-ion,1.02917,1.62689
Aged,PLA,25.0,,250.0,Single-ion,2.02966,2.30601
Aged,PLA,25.0,,250.0,Single-ion,10.06242,2.25208
Aged,PLA,25.0,,250.0,Single-ion,20.03844,2.32798
Aged,PLA,25.0,,250.0,Single-ion,0.05754,0.19673
Aged,PLA,25.0,,250.0,Single-ion,1.02917,1.01368
Aged,PLA,25.0,,250.0,Single-ion,1.99118,1.11355
Aged,PLA,25.0,,250.0,Single-ion,10.03356,1.08758
Aged,PLA,25.0,,250.0,Single-ion,19.98072,1.18546
Aged,PLA,25.0,,250.0,Single-ion,0.18261,0.20072
Aged,PLA,25.0,,250.0,Single-ion,0.97145,0.6082
Aged,PLA,25.0,,250.0,Single-ion,1.96232,0.71406
Aged,PLA,25.0,,250.0,Single-ion,10.03356,1.11954
Aged,PLA,25.0,,250.0,Single-ion,0.11526,0.20072
Aged,PLA,25.0,,250.0,Single-ion,0.99069,0.19673
Aged,PLA,25.0,,250.0,Single-ion,1.96232,0.32856
Aged,PLA,25.0,,250.0,Single-ion,9.99508,0.53629
Aged,PLA,25.0,,250.0,Single-ion,20.05768,0.48036
